ID  ,Compound                                                  ,Class   ,CAS       ,Mass ,CP-Wax,CW-20M,DB-1701,DB-Wax,DB1,HP1,OV-101,OV-1701,SE5,SP-Wax,SP-Wax10,SPB-1,Odour       ,almond,burnt,ID <Link>                                               
1   ,"2,3-pentanedione"                                        ,        ,          ,100  ,1053  ,      ,       ,      ,   ,   ,      ,       ,   ,      ,        ,     ,"""almond""\r""burnt""",1     ,1    ,http://www.odour.org.uk/cgi-bin/view.cgi?Compound_ID=1  
2   ,thiazole                                                  ,        ,          ,85   ,1248  ,      ,       ,      ,   ,   ,      ,       ,   ,      ,        ,     ,            ,      ,     ,http://www.odour.org.uk/cgi-bin/view.cgi?Compound_ID=2  
3   ,pyridine                                                  ,        ,          ,79   ,1215  ,      ,       ,      ,   ,   ,      ,       ,   ,      ,        ,     ,"""burnt""" ,      ,1    ,http://www.odour.org.uk/cgi-bin/view.cgi?Compound_ID=3  
4   ,dimethyl disulfide (methyldithiomethane)                  ,        ,          ,94   ,      ,      ,       ,      ,   ,   ,      ,       ,   ,      ,        ,     ,            ,      ,     ,http://www.odour.org.uk/cgi-bin/view.cgi?Compound_ID=4  
5   ,pentanol                                                  ,        ,          ,88   ,      ,      ,       ,      ,   ,   ,      ,       ,   ,      ,        ,     ,            ,      ,     ,http://www.odour.org.uk/cgi-bin/view.cgi?Compound_ID=5  
6   ,2-methylthiophene                                         ,        ,          ,98   ,1089  ,      ,       ,      ,   ,   ,      ,       ,   ,      ,        ,     ,            ,      ,     ,http://www.odour.org.uk/cgi-bin/view.cgi?Compound_ID=6  
7   ,3-methylthiophene                                         ,        ,          ,98   ,1116  ,      ,       ,      ,   ,   ,      ,       ,   ,      ,        ,     ,            ,      ,     ,http://www.odour.org.uk/cgi-bin/view.cgi?Compound_ID=7  
8   ,"2,3-hexanedione"                                         ,        ,          ,114  ,1125  ,      ,       ,      ,   ,   ,      ,       ,   ,      ,        ,     ,            ,      ,     ,http://www.odour.org.uk/cgi-bin/view.cgi?Compound_ID=8  
9   ,"3,4-hexanedione"                                         ,        ,          ,114  ,1133  ,      ,       ,      ,   ,   ,      ,       ,   ,      ,        ,     ,            ,      ,     ,http://www.odour.org.uk/cgi-bin/view.cgi?Compound_ID=9  
10  ,hexanal                                                   ,        ,          ,100  ,1089  ,      ,       ,      ,   ,   ,      ,       ,   ,      ,        ,     ,            ,      ,     ,http://www.odour.org.uk/cgi-bin/view.cgi?Compound_ID=10 
11  ,2-ethyl-5-methylfuran                                     ,        ,          ,110  ,      ,1018  ,       ,      ,   ,   ,      ,       ,   ,      ,        ,     ,            ,      ,     ,http://www.odour.org.uk/cgi-bin/view.cgi?Compound_ID=11 
12  ,furfural (2-furaldehyde)                                  ,        ,          ,96   ,1455  ,      ,       ,      ,   ,   ,      ,       ,   ,      ,        ,     ,"""almond""",1     ,     ,http://www.odour.org.uk/cgi-bin/view.cgi?Compound_ID=12 
13  ,4-methyl-4-mercapto-2-pentanone                           ,        ,          ,132  ,1376  ,      ,       ,      ,   ,   ,      ,       ,   ,      ,        ,     ,            ,      ,     ,http://www.odour.org.uk/cgi-bin/view.cgi?Compound_ID=13 
14  ,2-furylmethanol                                           ,        ,          ,98   ,      ,      ,       ,      ,   ,   ,      ,       ,   ,      ,        ,     ,"""burnt""" ,      ,1    ,http://www.odour.org.uk/cgi-bin/view.cgi?Compound_ID=14 
15  ,2-ethylthiophene                                          ,        ,          ,112  ,1161  ,      ,       ,      ,   ,   ,      ,       ,   ,      ,        ,     ,            ,      ,     ,http://www.odour.org.uk/cgi-bin/view.cgi?Compound_ID=15 
16  ,1-hexanol                                                 ,        ,          ,102  ,1357  ,      ,       ,      ,   ,   ,      ,       ,   ,      ,        ,     ,            ,      ,     ,http://www.odour.org.uk/cgi-bin/view.cgi?Compound_ID=16 
17  ,2-methyl-3-furanthiol                                     ,        ,          ,114  ,1295  ,      ,       ,      ,   ,   ,      ,       ,   ,      ,        ,     ,            ,      ,     ,http://www.odour.org.uk/cgi-bin/view.cgi?Compound_ID=17 
18  ,"2,5-dimethylthiophene"                                   ,        ,          ,112  ,1153  ,      ,       ,      ,   ,   ,      ,       ,   ,      ,        ,     ,            ,      ,     ,http://www.odour.org.uk/cgi-bin/view.cgi?Compound_ID=18 
19  ,2-butylfuran                                              ,        ,          ,124  ,1122  ,      ,       ,      ,   ,   ,      ,       ,   ,      ,        ,     ,            ,      ,     ,http://www.odour.org.uk/cgi-bin/view.cgi?Compound_ID=19 
20  ,2-acetylfuran                                             ,        ,          ,110  ,      ,      ,       ,      ,   ,   ,      ,       ,   ,      ,        ,     ,            ,      ,     ,http://www.odour.org.uk/cgi-bin/view.cgi?Compound_ID=20 
21  ,2-methyl-3-(methylthio)furan                              ,        ,          ,128  ,1333  ,      ,       ,      ,   ,   ,      ,       ,   ,      ,        ,     ,            ,      ,     ,http://www.odour.org.uk/cgi-bin/view.cgi?Compound_ID=21 
22  ,3-methyl-2-cyclopenten-1-one                              ,        ,          ,96   ,      ,      ,       ,      ,   ,   ,      ,       ,   ,      ,        ,     ,            ,      ,     ,http://www.odour.org.uk/cgi-bin/view.cgi?Compound_ID=22 
23  ,2-propylthiophene                                         ,        ,          ,126  ,1239  ,      ,       ,      ,   ,   ,      ,       ,   ,      ,        ,     ,            ,      ,     ,http://www.odour.org.uk/cgi-bin/view.cgi?Compound_ID=23 
24  ,5-methylfurfural                                          ,        ,          ,110  ,      ,      ,       ,      ,   ,   ,      ,       ,   ,      ,        ,     ,"""almond""\r""burnt""",1     ,1    ,http://www.odour.org.uk/cgi-bin/view.cgi?Compound_ID=24 
25  ,heptanol                                                  ,        ,          ,116  ,      ,      ,       ,      ,   ,   ,      ,       ,   ,      ,        ,     ,            ,      ,     ,http://www.odour.org.uk/cgi-bin/view.cgi?Compound_ID=25 
26  ,2-ethyl-5-methylthiophene                                 ,        ,          ,126  ,      ,      ,       ,      ,   ,   ,      ,       ,   ,      ,        ,     ,            ,      ,     ,http://www.odour.org.uk/cgi-bin/view.cgi?Compound_ID=26 
27  ,5-methyl-2-furanthiol                                     ,        ,          ,114  ,      ,      ,       ,      ,   ,   ,      ,       ,   ,      ,        ,     ,            ,      ,     ,http://www.odour.org.uk/cgi-bin/view.cgi?Compound_ID=27 
28  ,1-octen-3-ol                                              ,        ,          ,128  ,1451  ,      ,       ,      ,   ,   ,      ,       ,   ,      ,        ,     ,            ,      ,     ,http://www.odour.org.uk/cgi-bin/view.cgi?Compound_ID=28 
29  ,2-pentylfuran                                             ,        ,          ,138  ,1219  ,      ,       ,      ,   ,   ,      ,       ,   ,      ,        ,     ,            ,      ,     ,http://www.odour.org.uk/cgi-bin/view.cgi?Compound_ID=29 
30  ,2-formylthiophene                                         ,        ,          ,112  ,      ,      ,       ,      ,   ,   ,      ,       ,   ,      ,        ,     ,            ,      ,     ,http://www.odour.org.uk/cgi-bin/view.cgi?Compound_ID=30 
31  ,benzofuran                                                ,        ,          ,118  ,      ,      ,       ,      ,   ,   ,      ,       ,   ,      ,        ,     ,            ,      ,     ,http://www.odour.org.uk/cgi-bin/view.cgi?Compound_ID=31 
32  ,2-[(methylthio)methyl]furan (2-furfurylmethyl sulfide)    ,        ,          ,128  ,1473  ,      ,       ,      ,   ,   ,      ,       ,   ,      ,        ,     ,            ,      ,     ,http://www.odour.org.uk/cgi-bin/view.cgi?Compound_ID=32 
33  ,2-formyl-1-methylpyrrole                                  ,        ,          ,109  ,      ,      ,       ,      ,   ,   ,      ,       ,   ,      ,        ,     ,            ,      ,     ,http://www.odour.org.uk/cgi-bin/view.cgi?Compound_ID=33 
34  ,5-methyl-2-ethylpyridine                                  ,        ,          ,121  ,      ,      ,       ,      ,   ,   ,      ,       ,   ,      ,        ,     ,            ,      ,     ,http://www.odour.org.uk/cgi-bin/view.cgi?Compound_ID=34 
35  ,4-hydroxy-5-methyl-3(2H)-furanone                         ,        ,          ,114  ,      ,      ,       ,      ,   ,   ,      ,       ,   ,      ,        ,     ,            ,      ,     ,http://www.odour.org.uk/cgi-bin/view.cgi?Compound_ID=35 
36  ,2-butylthiophene                                          ,        ,          ,140  ,1339  ,      ,       ,      ,   ,   ,      ,       ,   ,      ,        ,     ,            ,      ,     ,http://www.odour.org.uk/cgi-bin/view.cgi?Compound_ID=36 
37  ,octanol                                                   ,        ,          ,130  ,      ,      ,       ,      ,   ,   ,      ,       ,   ,      ,        ,     ,            ,      ,     ,http://www.odour.org.uk/cgi-bin/view.cgi?Compound_ID=37 
38  ,2-acetyl-1-methylpyrrole                                  ,        ,          ,123  ,      ,      ,       ,      ,   ,   ,      ,       ,   ,      ,        ,     ,            ,      ,     ,http://www.odour.org.uk/cgi-bin/view.cgi?Compound_ID=38 
39  ,"3-acetyl-2,5-dimethylfuran"                              ,        ,          ,138  ,      ,      ,       ,      ,   ,   ,      ,       ,   ,      ,        ,     ,            ,      ,     ,http://www.odour.org.uk/cgi-bin/view.cgi?Compound_ID=39 
40  ,2-hexylfuran                                              ,        ,          ,152  ,1316  ,      ,       ,      ,   ,   ,      ,       ,   ,      ,        ,     ,            ,      ,     ,http://www.odour.org.uk/cgi-bin/view.cgi?Compound_ID=40 
41  ,2-acetylthiophene                                         ,        ,          ,126  ,      ,      ,       ,      ,   ,   ,      ,       ,   ,      ,        ,     ,            ,      ,     ,http://www.odour.org.uk/cgi-bin/view.cgi?Compound_ID=41 
42  ,2-butanoylfuran                                           ,        ,          ,138  ,      ,      ,       ,      ,   ,   ,      ,       ,   ,      ,        ,     ,            ,      ,     ,http://www.odour.org.uk/cgi-bin/view.cgi?Compound_ID=42 
43  ,2-formyl-5-methylthiophene                                ,        ,          ,126  ,      ,      ,       ,      ,   ,   ,      ,       ,   ,      ,        ,     ,            ,      ,     ,http://www.odour.org.uk/cgi-bin/view.cgi?Compound_ID=43 
44  ,2-formyl-3-methylthiophene                                ,        ,          ,126  ,      ,      ,       ,      ,   ,   ,      ,       ,   ,      ,        ,     ,            ,      ,     ,http://www.odour.org.uk/cgi-bin/view.cgi?Compound_ID=44 
45  ,"3,5-dimethyl-1,2,4-trithiolane"                          ,        ,          ,152  ,      ,      ,       ,      ,   ,   ,      ,       ,   ,      ,        ,     ,            ,      ,     ,http://www.odour.org.uk/cgi-bin/view.cgi?Compound_ID=45 
46  ,2-acetyl-5-methylthiophene                                ,        ,          ,140  ,      ,      ,       ,      ,   ,   ,      ,       ,   ,      ,        ,     ,            ,      ,     ,http://www.odour.org.uk/cgi-bin/view.cgi?Compound_ID=46 
47  ,2-acetyl-3-methylthiophene                                ,        ,          ,140  ,      ,      ,       ,      ,   ,   ,      ,       ,   ,      ,        ,     ,            ,      ,     ,http://www.odour.org.uk/cgi-bin/view.cgi?Compound_ID=47 
48  ,2-pentylthiophene                                         ,        ,          ,154  ,1440  ,      ,       ,      ,   ,   ,      ,       ,   ,      ,        ,     ,            ,      ,     ,http://www.odour.org.uk/cgi-bin/view.cgi?Compound_ID=48 
49  ,nonanol                                                   ,        ,          ,144  ,      ,      ,       ,      ,   ,   ,      ,       ,   ,      ,        ,     ,            ,      ,     ,http://www.odour.org.uk/cgi-bin/view.cgi?Compound_ID=49 
50  ,1-(2-furfuryl)pyrrole                                     ,        ,          ,147  ,      ,      ,       ,      ,   ,   ,      ,       ,   ,      ,        ,     ,            ,      ,     ,http://www.odour.org.uk/cgi-bin/view.cgi?Compound_ID=50 
51  ,2-propionylthiophene (1-(2-thienyl)-1-propanone)          ,        ,          ,140  ,      ,      ,       ,      ,   ,   ,      ,       ,   ,      ,        ,     ,            ,      ,     ,http://www.odour.org.uk/cgi-bin/view.cgi?Compound_ID=51 
52  ,2-heptylfuran                                             ,        ,          ,166  ,1416  ,      ,       ,      ,   ,   ,      ,       ,   ,      ,        ,     ,            ,      ,     ,http://www.odour.org.uk/cgi-bin/view.cgi?Compound_ID=52 
53  ,2-pentylpyridine                                          ,        ,          ,199  ,      ,      ,       ,      ,   ,   ,      ,       ,   ,      ,        ,     ,            ,      ,     ,http://www.odour.org.uk/cgi-bin/view.cgi?Compound_ID=53 
54  ,2-acetyl-4-methylthiophene                                ,        ,          ,140  ,      ,      ,       ,      ,   ,   ,      ,       ,   ,      ,        ,     ,            ,      ,     ,http://www.odour.org.uk/cgi-bin/view.cgi?Compound_ID=54 
55  ,2-[(methyldithio)methyl]furan (2-furfurylmethyl disulfide),        ,          ,160  ,      ,      ,       ,      ,   ,   ,      ,       ,   ,      ,        ,     ,            ,      ,     ,http://www.odour.org.uk/cgi-bin/view.cgi?Compound_ID=55 
56  ,"2-ethyl-5-methyl-1,2,3-trithiolane"                      ,        ,          ,166  ,      ,      ,       ,      ,   ,   ,      ,       ,   ,      ,        ,     ,            ,      ,     ,http://www.odour.org.uk/cgi-bin/view.cgi?Compound_ID=56 
57  ,2-butyl-5-ethylthiophene                                  ,        ,          ,168  ,1489  ,      ,       ,      ,   ,   ,      ,       ,   ,      ,        ,     ,            ,      ,     ,http://www.odour.org.uk/cgi-bin/view.cgi?Compound_ID=57 
58  ,"3-methyl-1,2,4-trithiane"                                ,        ,          ,152  ,      ,      ,       ,      ,   ,   ,      ,       ,   ,      ,        ,     ,            ,      ,     ,http://www.odour.org.uk/cgi-bin/view.cgi?Compound_ID=58 
59  ,decanol                                                   ,        ,          ,158  ,      ,      ,       ,      ,   ,   ,      ,       ,   ,      ,        ,     ,            ,      ,     ,http://www.odour.org.uk/cgi-bin/view.cgi?Compound_ID=59 
60  ,2-hexylthiophene                                          ,        ,          ,168  ,      ,      ,       ,      ,   ,   ,      ,       ,   ,      ,        ,     ,            ,      ,     ,http://www.odour.org.uk/cgi-bin/view.cgi?Compound_ID=60 
61  ,2-octylfuran                                              ,        ,          ,180  ,      ,      ,       ,      ,   ,   ,      ,       ,   ,      ,        ,     ,            ,      ,     ,http://www.odour.org.uk/cgi-bin/view.cgi?Compound_ID=61 
62  ,"(E,E)-2,4-decadienal"                                    ,        ,          ,152  ,      ,      ,       ,      ,   ,   ,      ,       ,   ,      ,        ,     ,            ,      ,     ,http://www.odour.org.uk/cgi-bin/view.cgi?Compound_ID=62 
63  ,undecanol                                                 ,        ,          ,172  ,      ,      ,       ,      ,   ,   ,      ,       ,   ,      ,        ,     ,            ,      ,     ,http://www.odour.org.uk/cgi-bin/view.cgi?Compound_ID=63 
64  ,2-heptylthiophene                                         ,        ,          ,182  ,      ,      ,       ,      ,   ,   ,      ,       ,   ,      ,        ,     ,            ,      ,     ,http://www.odour.org.uk/cgi-bin/view.cgi?Compound_ID=64 
65  ,dodecanol                                                 ,        ,          ,186  ,      ,      ,       ,      ,   ,   ,      ,       ,   ,      ,        ,     ,            ,      ,     ,http://www.odour.org.uk/cgi-bin/view.cgi?Compound_ID=65 
66  ,2-octylthiophene                                          ,        ,          ,196  ,      ,      ,       ,      ,   ,   ,      ,       ,   ,      ,        ,     ,            ,      ,     ,http://www.odour.org.uk/cgi-bin/view.cgi?Compound_ID=66 
67  ,4-methyl-2-pentanone                                      ,        ,          ,100  ,1012  ,      ,       ,      ,   ,   ,      ,       ,   ,      ,        ,     ,            ,      ,     ,http://www.odour.org.uk/cgi-bin/view.cgi?Compound_ID=67 
68  ,2-methyl-5-ethylfuran                                     ,        ,          ,110  ,1020  ,      ,       ,      ,   ,   ,      ,       ,   ,      ,        ,     ,            ,      ,     ,http://www.odour.org.uk/cgi-bin/view.cgi?Compound_ID=68 
69  ,2-propylfuran                                             ,        ,          ,110  ,1021  ,      ,       ,      ,   ,   ,      ,       ,   ,      ,        ,     ,            ,      ,     ,http://www.odour.org.uk/cgi-bin/view.cgi?Compound_ID=69 
70  ,methyl pentanoate                                         ,        ,          ,116  ,1069  ,      ,       ,      ,   ,   ,      ,       ,   ,      ,        ,     ,            ,      ,     ,http://www.odour.org.uk/cgi-bin/view.cgi?Compound_ID=70 
71  ,2-hexanone                                                ,        ,          ,100  ,1092  ,      ,       ,      ,   ,   ,      ,       ,   ,      ,        ,     ,            ,      ,     ,http://www.odour.org.uk/cgi-bin/view.cgi?Compound_ID=71 
72  ,2-pentenal                                                ,        ,          ,84   ,1134  ,      ,       ,      ,   ,   ,      ,       ,   ,      ,        ,     ,            ,      ,     ,http://www.odour.org.uk/cgi-bin/view.cgi?Compound_ID=72 
73  ,3-penten-2-one                                            ,        ,          ,84   ,1137  ,      ,       ,      ,   ,   ,      ,       ,   ,      ,        ,     ,            ,      ,     ,http://www.odour.org.uk/cgi-bin/view.cgi?Compound_ID=73 
74  ,4-methyl-3-penten-2-one                                   ,        ,          ,98   ,1139  ,      ,       ,      ,   ,   ,      ,       ,   ,      ,        ,     ,            ,      ,     ,http://www.odour.org.uk/cgi-bin/view.cgi?Compound_ID=74 
75  ,methyl hexanoate                                          ,        ,          ,130  ,1172  ,      ,       ,      ,   ,   ,      ,       ,   ,      ,        ,     ,            ,      ,     ,http://www.odour.org.uk/cgi-bin/view.cgi?Compound_ID=75 
76  ,2-heptanone                                               ,        ,          ,114  ,1182  ,      ,       ,      ,   ,   ,      ,       ,   ,      ,        ,     ,            ,      ,     ,http://www.odour.org.uk/cgi-bin/view.cgi?Compound_ID=76 
77  ,heptanal                                                  ,        ,          ,114  ,1182  ,      ,       ,      ,   ,   ,      ,       ,   ,      ,        ,     ,            ,      ,     ,http://www.odour.org.uk/cgi-bin/view.cgi?Compound_ID=77 
78  ,"2,3-dimethylthiophene"                                   ,        ,          ,112  ,1207  ,      ,       ,      ,   ,   ,      ,       ,   ,      ,        ,     ,            ,      ,     ,http://www.odour.org.uk/cgi-bin/view.cgi?Compound_ID=78 
79  ,"2,4,5-trimethyloxazole"                                  ,        ,          ,111  ,1213  ,      ,       ,      ,   ,   ,      ,       ,   ,      ,        ,     ,            ,      ,     ,http://www.odour.org.uk/cgi-bin/view.cgi?Compound_ID=79 
80  ,1-hexen-3-one                                             ,        ,          ,98   ,1216  ,      ,       ,      ,   ,   ,      ,       ,   ,      ,        ,     ,            ,      ,     ,http://www.odour.org.uk/cgi-bin/view.cgi?Compound_ID=80 
81  ,"2,5-dimethyl-4-ethyloxazole"                             ,        ,          ,125  ,1218  ,      ,       ,      ,   ,   ,      ,       ,   ,      ,        ,     ,            ,      ,     ,http://www.odour.org.uk/cgi-bin/view.cgi?Compound_ID=81 
82  ,2-hexenal                                                 ,        ,          ,98   ,1220  ,      ,       ,      ,   ,   ,      ,       ,   ,      ,        ,     ,            ,      ,     ,http://www.odour.org.uk/cgi-bin/view.cgi?Compound_ID=82 
83  ,"2-ethyl-4,5-dimethyloxazole"                             ,        ,          ,125  ,1230  ,      ,       ,      ,   ,   ,      ,       ,   ,      ,        ,     ,            ,      ,     ,http://www.odour.org.uk/cgi-bin/view.cgi?Compound_ID=83 
84  ,1-heptanethiol                                            ,        ,          ,132  ,1230  ,      ,       ,      ,   ,   ,      ,       ,   ,      ,        ,     ,            ,      ,     ,http://www.odour.org.uk/cgi-bin/view.cgi?Compound_ID=84 
85  ,2-methyl-5-ethylthiophene                                 ,        ,          ,126  ,1233  ,      ,       ,      ,   ,   ,      ,       ,   ,      ,        ,     ,            ,      ,     ,http://www.odour.org.uk/cgi-bin/view.cgi?Compound_ID=85 
86  ,2-methylpyridine                                          ,        ,          ,93   ,1237  ,      ,       ,      ,   ,   ,      ,       ,   ,      ,        ,     ,            ,      ,     ,http://www.odour.org.uk/cgi-bin/view.cgi?Compound_ID=86 
87  ,3-octanone                                                ,        ,          ,128  ,1253  ,      ,       ,      ,   ,   ,      ,       ,   ,      ,        ,     ,            ,      ,     ,http://www.odour.org.uk/cgi-bin/view.cgi?Compound_ID=87 
88  ,1-pentanol                                                ,        ,          ,88   ,1253  ,      ,       ,      ,   ,   ,      ,       ,   ,      ,        ,     ,            ,      ,     ,http://www.odour.org.uk/cgi-bin/view.cgi?Compound_ID=88 
89  ,1-hexen-3-ol                                              ,        ,          ,100  ,1253  ,      ,       ,      ,   ,   ,      ,       ,   ,      ,        ,     ,            ,      ,     ,http://www.odour.org.uk/cgi-bin/view.cgi?Compound_ID=89 
90  ,2-methyltetrahydro-3-furanone                             ,        ,          ,100  ,1256  ,      ,       ,      ,   ,   ,      ,       ,   ,      ,        ,     ,            ,      ,     ,http://www.odour.org.uk/cgi-bin/view.cgi?Compound_ID=90 
91  ,"2,6-dimethylpyridine"                                    ,        ,          ,107  ,1263  ,      ,       ,      ,   ,   ,      ,       ,   ,      ,        ,     ,            ,      ,     ,http://www.odour.org.uk/cgi-bin/view.cgi?Compound_ID=91 
92  ,"2,4-diethyl-5-methyloxazole"                             ,        ,          ,139  ,1271  ,      ,       ,      ,   ,   ,      ,       ,   ,      ,        ,     ,            ,      ,     ,http://www.odour.org.uk/cgi-bin/view.cgi?Compound_ID=92 
93  ,methylpyrazine                                            ,        ,          ,94   ,1272  ,      ,       ,      ,   ,   ,      ,       ,   ,      ,        ,     ,"""burnt""" ,      ,1    ,http://www.odour.org.uk/cgi-bin/view.cgi?Compound_ID=93 
94  ,methyl heptanoate                                         ,        ,          ,144  ,1273  ,      ,       ,      ,   ,   ,      ,       ,   ,      ,        ,     ,            ,      ,     ,http://www.odour.org.uk/cgi-bin/view.cgi?Compound_ID=94 
95  ,4-methylthiazole                                          ,        ,          ,99   ,1282  ,      ,       ,      ,   ,   ,      ,       ,   ,      ,        ,     ,            ,      ,     ,http://www.odour.org.uk/cgi-bin/view.cgi?Compound_ID=95 
96  ,2-octanone                                                ,        ,          ,128  ,1282  ,      ,       ,      ,   ,   ,      ,       ,   ,      ,        ,     ,            ,      ,     ,http://www.odour.org.uk/cgi-bin/view.cgi?Compound_ID=96 
97  ,octanal                                                   ,        ,          ,128  ,1284  ,      ,       ,      ,   ,   ,      ,       ,   ,      ,        ,     ,            ,      ,     ,http://www.odour.org.uk/cgi-bin/view.cgi?Compound_ID=97 
98  ,3-hydroxy-2-butanone (acetoin)                            ,        ,          ,88   ,1286  ,      ,       ,      ,   ,   ,      ,       ,   ,      ,        ,     ,            ,      ,     ,http://www.odour.org.uk/cgi-bin/view.cgi?Compound_ID=98 
99  ,"2,4-dimethylthiazole"                                    ,        ,          ,113  ,1289  ,      ,       ,      ,   ,   ,      ,       ,   ,      ,        ,     ,            ,      ,     ,http://www.odour.org.uk/cgi-bin/view.cgi?Compound_ID=99 
100 ,2-ethylpyridine                                           ,        ,          ,107  ,1294  ,      ,       ,      ,   ,   ,      ,       ,   ,      ,        ,     ,            ,      ,     ,http://www.odour.org.uk/cgi-bin/view.cgi?Compound_ID=100
101 ,1-hepten-3-one                                            ,        ,          ,114  ,1299  ,      ,       ,      ,   ,   ,      ,       ,   ,      ,        ,     ,            ,      ,     ,http://www.odour.org.uk/cgi-bin/view.cgi?Compound_ID=101
102 ,"2-propyl-4,5-dimethyloxazole"                            ,        ,          ,139  ,1300  ,      ,       ,      ,   ,   ,      ,       ,   ,      ,        ,     ,            ,      ,     ,http://www.odour.org.uk/cgi-bin/view.cgi?Compound_ID=102
103 ,1-hydroxy-2-propanone                                     ,        ,          ,74   ,1308  ,      ,       ,      ,   ,   ,      ,       ,   ,      ,        ,     ,            ,      ,     ,http://www.odour.org.uk/cgi-bin/view.cgi?Compound_ID=103
104 ,2-methyl-2-thiazoline                                     ,        ,          ,101  ,1309  ,      ,       ,      ,   ,   ,      ,       ,   ,      ,        ,     ,            ,      ,     ,http://www.odour.org.uk/cgi-bin/view.cgi?Compound_ID=104
105 ,3-methylpyridine (beta-picoline)                          ,        ,          ,93   ,1312  ,      ,       ,      ,   ,   ,      ,       ,   ,      ,        ,     ,            ,      ,     ,http://www.odour.org.uk/cgi-bin/view.cgi?Compound_ID=105
106 ,6-methyl-5-hepten-2-one                                   ,        ,          ,126  ,1315  ,      ,       ,      ,   ,   ,      ,       ,   ,      ,        ,     ,            ,      ,     ,http://www.odour.org.uk/cgi-bin/view.cgi?Compound_ID=106
107 ,6-ethyl-2-methylpyridine                                  ,        ,          ,121  ,1320  ,      ,       ,      ,   ,   ,      ,       ,   ,      ,        ,     ,            ,      ,     ,http://www.odour.org.uk/cgi-bin/view.cgi?Compound_ID=107
108 ,4-methylpyridine                                          ,        ,          ,93   ,1322  ,      ,       ,      ,   ,   ,      ,       ,   ,      ,        ,     ,            ,      ,     ,http://www.odour.org.uk/cgi-bin/view.cgi?Compound_ID=108
109 ,2-heptenal                                                ,        ,          ,112  ,1323  ,      ,       ,      ,   ,   ,      ,       ,   ,      ,        ,     ,            ,      ,     ,http://www.odour.org.uk/cgi-bin/view.cgi?Compound_ID=109
110 ,"2,5-dimethylthiazole"                                    ,        ,          ,113  ,1330  ,      ,       ,      ,   ,   ,      ,       ,   ,      ,        ,     ,            ,      ,     ,http://www.odour.org.uk/cgi-bin/view.cgi?Compound_ID=110
111 ,"2,5-dimethylpyrazine"                                    ,        ,          ,108  ,1331  ,      ,       ,      ,   ,   ,      ,       ,   ,      ,        ,     ,            ,      ,     ,http://www.odour.org.uk/cgi-bin/view.cgi?Compound_ID=111
112 ,1-octanethiol                                             ,        ,          ,146  ,1335  ,      ,       ,      ,   ,   ,      ,       ,   ,      ,        ,     ,            ,      ,     ,http://www.odour.org.uk/cgi-bin/view.cgi?Compound_ID=112
113 ,"2,6-dimethylpyrazine"                                    ,        ,          ,108  ,1336  ,      ,       ,      ,   ,   ,      ,       ,   ,      ,        ,     ,            ,      ,     ,http://www.odour.org.uk/cgi-bin/view.cgi?Compound_ID=113
114 ,2-propyl-5-methyl-4-ethyloxazole                          ,        ,          ,153  ,1337  ,      ,       ,      ,   ,   ,      ,       ,   ,      ,        ,     ,            ,      ,     ,http://www.odour.org.uk/cgi-bin/view.cgi?Compound_ID=114
115 ,ethylpyrazine                                             ,        ,          ,108  ,1339  ,      ,       ,      ,   ,   ,      ,       ,   ,      ,        ,     ,            ,      ,     ,http://www.odour.org.uk/cgi-bin/view.cgi?Compound_ID=115
116 ,2-ethyl-4-methylthiazole                                  ,        ,          ,127  ,1345  ,      ,       ,      ,   ,   ,      ,       ,   ,      ,        ,     ,            ,      ,     ,http://www.odour.org.uk/cgi-bin/view.cgi?Compound_ID=116
117 ,2-isopropyl-4-methylthiazole                              ,        ,          ,141  ,1350  ,      ,       ,      ,   ,   ,      ,       ,   ,      ,        ,     ,            ,      ,     ,http://www.odour.org.uk/cgi-bin/view.cgi?Compound_ID=117
118 ,1-hepten-3-ol                                             ,        ,          ,114  ,1352  ,      ,       ,      ,   ,   ,      ,       ,   ,      ,        ,     ,            ,      ,     ,http://www.odour.org.uk/cgi-bin/view.cgi?Compound_ID=118
119 ,"2,3-dimethylpyrazine"                                    ,        ,          ,108  ,1354  ,      ,       ,      ,   ,   ,      ,       ,   ,      ,        ,     ,            ,      ,     ,http://www.odour.org.uk/cgi-bin/view.cgi?Compound_ID=119
120 ,2-methyl-4-ethylthiazole                                  ,        ,          ,127  ,1357  ,      ,       ,      ,   ,   ,      ,       ,   ,      ,        ,     ,            ,      ,     ,http://www.odour.org.uk/cgi-bin/view.cgi?Compound_ID=120
121 ,"2,4-dimethylpyridine"                                    ,        ,          ,107  ,1358  ,      ,       ,      ,   ,   ,      ,       ,   ,      ,        ,     ,            ,      ,     ,http://www.odour.org.uk/cgi-bin/view.cgi?Compound_ID=121
122 ,2-methyl-5-(methylthio)furan                              ,        ,          ,128  ,1368  ,      ,       ,      ,   ,   ,      ,       ,   ,      ,        ,     ,            ,      ,     ,http://www.odour.org.uk/cgi-bin/view.cgi?Compound_ID=122
123 ,methyl octanoate                                          ,        ,          ,158  ,1375  ,      ,       ,      ,   ,   ,      ,       ,   ,      ,        ,     ,            ,      ,     ,http://www.odour.org.uk/cgi-bin/view.cgi?Compound_ID=123
124 ,"2,3-dimethylpyridine"                                    ,        ,          ,107  ,1377  ,      ,       ,      ,   ,   ,      ,       ,   ,      ,        ,     ,            ,      ,     ,http://www.odour.org.uk/cgi-bin/view.cgi?Compound_ID=124
125 ,"4,5-dimethylthiazole"                                    ,        ,          ,113  ,1378  ,      ,       ,      ,   ,   ,      ,       ,   ,      ,        ,     ,            ,      ,     ,http://www.odour.org.uk/cgi-bin/view.cgi?Compound_ID=125
126 ,2-propylpyridine                                          ,        ,          ,121  ,1380  ,      ,       ,      ,   ,   ,      ,       ,   ,      ,        ,     ,            ,      ,     ,http://www.odour.org.uk/cgi-bin/view.cgi?Compound_ID=126
127 ,nonanal                                                   ,        ,          ,142  ,1384  ,      ,       ,      ,   ,   ,      ,       ,   ,      ,        ,     ,            ,      ,     ,http://www.odour.org.uk/cgi-bin/view.cgi?Compound_ID=127
128 ,2-nonanone                                                ,        ,          ,142  ,1384  ,      ,       ,      ,   ,   ,      ,       ,   ,      ,        ,     ,            ,      ,     ,http://www.odour.org.uk/cgi-bin/view.cgi?Compound_ID=128
129 ,"2,4,5-trimethylthiazole"                                 ,        ,          ,127  ,1385  ,      ,       ,      ,   ,   ,      ,       ,   ,      ,        ,     ,            ,      ,     ,http://www.odour.org.uk/cgi-bin/view.cgi?Compound_ID=129
130 ,2-methylthiazolidine                                      ,        ,          ,103  ,1386  ,      ,       ,      ,   ,   ,      ,       ,   ,      ,        ,     ,            ,      ,     ,http://www.odour.org.uk/cgi-bin/view.cgi?Compound_ID=130
131 ,2-ethyl-6-methylpyrazine                                  ,        ,          ,122  ,1387  ,      ,       ,      ,   ,   ,      ,       ,   ,      ,        ,     ,            ,      ,     ,http://www.odour.org.uk/cgi-bin/view.cgi?Compound_ID=131
132 ,2-ethyl-5-methylpyrazine                                  ,        ,          ,122  ,1393  ,      ,       ,      ,   ,   ,      ,       ,   ,      ,        ,     ,            ,      ,     ,http://www.odour.org.uk/cgi-bin/view.cgi?Compound_ID=132
133 ,3-ethylpyridine                                           ,        ,          ,107  ,1397  ,      ,       ,      ,   ,   ,      ,       ,   ,      ,        ,     ,            ,      ,     ,http://www.odour.org.uk/cgi-bin/view.cgi?Compound_ID=133
134 ,1-octen-3-one                                             ,        ,          ,126  ,1399  ,      ,       ,      ,   ,   ,      ,       ,   ,      ,        ,     ,            ,      ,     ,http://www.odour.org.uk/cgi-bin/view.cgi?Compound_ID=134
135 ,"1,3-dichlorobenzene"                                     ,        ,          ,146  ,1399  ,      ,       ,      ,   ,   ,      ,       ,   ,      ,        ,     ,            ,      ,     ,http://www.odour.org.uk/cgi-bin/view.cgi?Compound_ID=135
136 ,2-isobutylthiazole                                        ,        ,          ,141  ,1400  ,      ,       ,      ,   ,   ,      ,       ,   ,      ,        ,     ,            ,      ,     ,http://www.odour.org.uk/cgi-bin/view.cgi?Compound_ID=136
137 ,"2-butyl-4,5-dimethyloxazole"                             ,        ,          ,153  ,1400  ,      ,       ,      ,   ,   ,      ,       ,   ,      ,        ,     ,            ,      ,     ,http://www.odour.org.uk/cgi-bin/view.cgi?Compound_ID=137
138 ,"2,4-hexadienal"                                          ,        ,          ,96   ,1403  ,      ,       ,      ,   ,   ,      ,       ,   ,      ,        ,     ,            ,      ,     ,http://www.odour.org.uk/cgi-bin/view.cgi?Compound_ID=138
139 ,2-ethyl-3-methylpyrazine                                  ,        ,          ,122  ,1407  ,      ,       ,      ,   ,   ,      ,       ,   ,      ,        ,     ,            ,      ,     ,http://www.odour.org.uk/cgi-bin/view.cgi?Compound_ID=139
140 ,"2,3,5-trimethylpyrazine"                                 ,        ,          ,122  ,1412  ,      ,       ,      ,   ,   ,      ,       ,   ,      ,        ,     ,            ,      ,     ,http://www.odour.org.uk/cgi-bin/view.cgi?Compound_ID=140
141 ,4-ethylpyridine                                           ,        ,          ,107  ,1413  ,      ,       ,      ,   ,   ,      ,       ,   ,      ,        ,     ,            ,      ,     ,http://www.odour.org.uk/cgi-bin/view.cgi?Compound_ID=141
142 ,4-mercapto-2-pentanone                                    ,        ,          ,118  ,1413  ,      ,       ,      ,   ,   ,      ,       ,   ,      ,        ,     ,            ,      ,     ,http://www.odour.org.uk/cgi-bin/view.cgi?Compound_ID=142
143 ,"4-ethyl-2,5-dimethylthiazole"                            ,        ,          ,141  ,1414  ,      ,       ,      ,   ,   ,      ,       ,   ,      ,        ,     ,            ,      ,     ,http://www.odour.org.uk/cgi-bin/view.cgi?Compound_ID=143
144 ,3-methylthiobutanal                                       ,        ,          ,118  ,1416  ,      ,       ,      ,   ,   ,      ,       ,   ,      ,        ,     ,            ,      ,     ,http://www.odour.org.uk/cgi-bin/view.cgi?Compound_ID=144
145 ,4-ethyl-5-methylthiazole                                  ,        ,          ,127  ,1416  ,      ,       ,      ,   ,   ,      ,       ,   ,      ,        ,     ,            ,      ,     ,http://www.odour.org.uk/cgi-bin/view.cgi?Compound_ID=145
146 ,4-methyl-3-propylthiazole                                 ,        ,          ,141  ,1417  ,      ,       ,      ,   ,   ,      ,       ,   ,      ,        ,     ,            ,      ,     ,http://www.odour.org.uk/cgi-bin/view.cgi?Compound_ID=146
147 ,3-methylthiopropionaldehyde                               ,        ,          ,104  ,1418  ,      ,       ,      ,   ,   ,      ,       ,   ,      ,        ,     ,            ,      ,     ,http://www.odour.org.uk/cgi-bin/view.cgi?Compound_ID=147
148 ,(2-furyl)methanethiol (furfurylmercaptane)                ,        ,          ,114  ,1421  ,      ,       ,      ,   ,   ,      ,       ,   ,      ,        ,     ,            ,      ,     ,http://www.odour.org.uk/cgi-bin/view.cgi?Compound_ID=148
149 ,2-octenal                                                 ,        ,          ,126  ,1426  ,      ,       ,      ,   ,   ,      ,       ,   ,      ,        ,     ,"""almond""",1     ,     ,http://www.odour.org.uk/cgi-bin/view.cgi?Compound_ID=149
150 ,"1,4-dichlorobenzene"                                     ,        ,          ,146  ,1427  ,      ,       ,      ,   ,   ,      ,       ,   ,      ,        ,     ,            ,      ,     ,http://www.odour.org.uk/cgi-bin/view.cgi?Compound_ID=150
151 ,2-isobutyl-4-methylthiazole                               ,        ,          ,155  ,1430  ,      ,       ,      ,   ,   ,      ,       ,   ,      ,        ,     ,            ,      ,     ,http://www.odour.org.uk/cgi-bin/view.cgi?Compound_ID=151
152 ,3-(or 2)-mercaptopentanal                                 ,        ,          ,118  ,1431  ,      ,       ,      ,   ,   ,      ,       ,   ,      ,        ,     ,            ,      ,     ,http://www.odour.org.uk/cgi-bin/view.cgi?Compound_ID=152
153 ,"3,5-dimethylpyridine"                                    ,        ,          ,107  ,1432  ,      ,       ,      ,   ,   ,      ,       ,   ,      ,        ,     ,            ,      ,     ,http://www.odour.org.uk/cgi-bin/view.cgi?Compound_ID=153
154 ,2-butyl-4-ethyl-5-methyloxazole                           ,        ,          ,167  ,1434  ,      ,       ,      ,   ,   ,      ,       ,   ,      ,        ,     ,            ,      ,     ,http://www.odour.org.uk/cgi-bin/view.cgi?Compound_ID=154
155 ,2-ethyl-5-methylpyridine                                  ,        ,          ,121  ,1437  ,      ,       ,      ,   ,   ,      ,       ,   ,      ,        ,     ,            ,      ,     ,http://www.odour.org.uk/cgi-bin/view.cgi?Compound_ID=155
156 ,"2,6-diethylpyrazine"                                     ,        ,          ,136  ,1437  ,      ,       ,      ,   ,   ,      ,       ,   ,      ,        ,     ,            ,      ,     ,http://www.odour.org.uk/cgi-bin/view.cgi?Compound_ID=156
157 ,2-vinylpyrazine                                           ,        ,          ,106  ,1438  ,      ,       ,      ,   ,   ,      ,       ,   ,      ,        ,     ,            ,      ,     ,http://www.odour.org.uk/cgi-bin/view.cgi?Compound_ID=157
158 ,"2-ethyl-4,5-dimethylthiazole"                            ,        ,          ,141  ,1445  ,      ,       ,      ,   ,   ,      ,       ,   ,      ,        ,     ,            ,      ,     ,http://www.odour.org.uk/cgi-bin/view.cgi?Compound_ID=158
159 ,"2-ethyl-3,6-dimethylpyrazine"                            ,        ,          ,136  ,1449  ,      ,       ,      ,   ,   ,      ,       ,   ,      ,        ,     ,            ,      ,     ,http://www.odour.org.uk/cgi-bin/view.cgi?Compound_ID=159
160 ,"2-isopropyl-4,5-dimethylthiazole"                        ,        ,          ,155  ,1450  ,      ,       ,      ,   ,   ,      ,       ,   ,      ,        ,     ,            ,      ,     ,http://www.odour.org.uk/cgi-bin/view.cgi?Compound_ID=160
161 ,"2,3-diethylpyrazine"                                     ,        ,          ,136  ,1454  ,      ,       ,      ,   ,   ,      ,       ,   ,      ,        ,     ,"""burnt""" ,      ,1    ,http://www.odour.org.uk/cgi-bin/view.cgi?Compound_ID=161
162 ,"2,4-dimethyl-5-ethylthiazole"                            ,        ,          ,141  ,1455  ,      ,       ,      ,   ,   ,      ,       ,   ,      ,        ,     ,            ,      ,     ,http://www.odour.org.uk/cgi-bin/view.cgi?Compound_ID=162
163 ,1-heptanol                                                ,        ,          ,116  ,1460  ,      ,       ,      ,   ,   ,      ,       ,   ,      ,        ,     ,            ,      ,     ,http://www.odour.org.uk/cgi-bin/view.cgi?Compound_ID=163
164 ,"2,4-diethyl-5-methylthiazole"                            ,        ,          ,155  ,1461  ,      ,       ,      ,   ,   ,      ,       ,   ,      ,        ,     ,            ,      ,     ,http://www.odour.org.uk/cgi-bin/view.cgi?Compound_ID=164
165 ,"2,5-diethylpyrazine"                                     ,        ,          ,136  ,1463  ,      ,       ,      ,   ,   ,      ,       ,   ,      ,        ,     ,            ,      ,     ,http://www.odour.org.uk/cgi-bin/view.cgi?Compound_ID=165
166 ,"2-ethyl-3,5-dimethylpyrazine"                            ,        ,          ,136  ,1466  ,      ,       ,      ,   ,   ,      ,       ,   ,      ,        ,     ,            ,      ,     ,http://www.odour.org.uk/cgi-bin/view.cgi?Compound_ID=166
167 ,4-methyl-5-ethylthiazole                                  ,        ,          ,127  ,1466  ,      ,       ,      ,   ,   ,      ,       ,   ,      ,        ,     ,            ,      ,     ,http://www.odour.org.uk/cgi-bin/view.cgi?Compound_ID=167
168 ,"2-ethyl-5,6-dimethylpyrazine"                            ,        ,          ,136  ,1470  ,      ,       ,      ,   ,   ,      ,       ,   ,      ,        ,     ,            ,      ,     ,http://www.odour.org.uk/cgi-bin/view.cgi?Compound_ID=168
169 ,"1,2-dichlorobenzene"                                     ,        ,          ,146  ,1472  ,      ,       ,      ,   ,   ,      ,       ,   ,      ,        ,     ,            ,      ,     ,http://www.odour.org.uk/cgi-bin/view.cgi?Compound_ID=169
170 ,2-ethylthiazolidine                                       ,        ,          ,117  ,1478  ,      ,       ,      ,   ,   ,      ,       ,   ,      ,        ,     ,            ,      ,     ,http://www.odour.org.uk/cgi-bin/view.cgi?Compound_ID=170
171 ,2-propyl-3-methylpyrazine                                 ,        ,          ,136  ,1483  ,      ,       ,      ,   ,   ,      ,       ,   ,      ,        ,     ,            ,      ,     ,http://www.odour.org.uk/cgi-bin/view.cgi?Compound_ID=171
172 ,tetramethylpyrazine                                       ,        ,          ,136  ,1484  ,      ,       ,      ,   ,   ,      ,       ,   ,      ,        ,     ,"""burnt""" ,      ,1    ,http://www.odour.org.uk/cgi-bin/view.cgi?Compound_ID=172
173 ,4-methylthio-2-butanone                                   ,        ,          ,118  ,1489  ,      ,       ,      ,   ,   ,      ,       ,   ,      ,        ,     ,            ,      ,     ,http://www.odour.org.uk/cgi-bin/view.cgi?Compound_ID=173
174 ,2-decanone                                                ,        ,          ,156  ,1489  ,      ,       ,      ,   ,   ,      ,       ,   ,      ,        ,     ,            ,      ,     ,http://www.odour.org.uk/cgi-bin/view.cgi?Compound_ID=174
175 ,"3-ethyl-2,6-dimethylpyridine"                            ,        ,          ,135  ,1490  ,      ,       ,      ,   ,   ,      ,       ,   ,      ,        ,     ,            ,      ,     ,http://www.odour.org.uk/cgi-bin/view.cgi?Compound_ID=175
188 ,                                                          ,        ,          ,     ,      ,      ,       ,      ,   ,   ,      ,       ,   ,      ,        ,     ,"""almond""",1     ,     ,                                                        
214 ,                                                          ,        ,          ,     ,      ,      ,       ,      ,   ,   ,      ,       ,   ,      ,        ,     ,"""burnt""" ,      ,1    ,                                                        
275 ,                                                          ,        ,          ,     ,      ,      ,       ,      ,   ,   ,      ,       ,   ,      ,        ,     ,"""burnt""" ,      ,1    ,                                                        
300 ,                                                          ,        ,          ,     ,      ,      ,       ,      ,   ,   ,      ,       ,   ,      ,        ,     ,"""burnt""" ,      ,1    ,                                                        
320 ,p-ethylphenol                                             ,phenol  ,          ,"122",      ,      ,       ,      ,   ,   ,      ,       ,   ,      ,        ,     ,            ,      ,     ,                                                        
321 ,"2-propyl-4,5-dimethylthiazole"                           ,thiazole,          ,"155",      ,      ,       ,      ,   ,   ,      ,       ,   ,      ,        ,     ,            ,      ,     ,                                                        
322 ,"(Z,Z)-2,4-nonadienal"                                    ,alkenal ,          ,"138",      ,      ,       ,      ,   ,   ,      ,       ,   ,      ,        ,     ,            ,      ,     ,                                                        
323 ,naphthalene                                               ,aromatic,91-20-3   ,"128",      ,      ,       ,      ,   ,   ,      ,       ,   ,      ,        ,     ,            ,      ,     ,                                                        
324 ,"(E,E)-2,4-nonadienal"                                    ,alkenal ,5910-87-2 ,"138",      ,      ,       ,      ,   ,   ,      ,       ,   ,      ,        ,     ,            ,      ,     ,                                                        
325 ,"(Z,Z)-2,4-decadienal"                                    ,alkenal ,65909-91-3,"152",      ,      ,       ,      ,   ,   ,      ,       ,   ,      ,        ,     ,            ,      ,     ,                                                        
326 ,2-pentadecanone                                           ,alkanone,          ,"226",      ,      ,       ,      ,   ,   ,      ,       ,   ,      ,        ,     ,            ,      ,     ,                                                        
327 ,3-octanol                                                 ,alkanol ,589-980   ,"130",      ,      ,       ,      ,   ,   ,      ,       ,   ,      ,        ,     ,            ,      ,     ,                                                        
333 ,                                                          ,        ,          ,     ,      ,      ,       ,      ,   ,   ,      ,       ,   ,      ,        ,     ,"""burnt""" ,      ,1    ,                                                        
337 ,                                                          ,        ,          ,     ,      ,      ,       ,      ,   ,   ,      ,       ,   ,      ,        ,     ,"""almond""",1     ,     ,                                                        
364 ,                                                          ,        ,          ,     ,      ,      ,       ,      ,   ,   ,      ,       ,   ,      ,        ,     ,"""burnt""" ,      ,1    ,                                                        
365 ,                                                          ,        ,          ,     ,      ,      ,       ,      ,   ,   ,      ,       ,   ,      ,        ,     ,"""almond""",1     ,     ,                                                        
368 ,                                                          ,        ,          ,     ,      ,      ,       ,      ,   ,   ,      ,       ,   ,      ,        ,     ,"""almond""\r""burnt""",1     ,1    ,                                                        
380 ,                                                          ,        ,          ,     ,      ,      ,       ,      ,   ,   ,      ,       ,   ,      ,        ,     ,"""almond""",1     ,     ,                                                        
396 ,                                                          ,        ,          ,     ,      ,      ,       ,      ,   ,   ,      ,       ,   ,      ,        ,     ,"""burnt""" ,      ,1    ,                                                        
406 ,                                                          ,        ,          ,     ,      ,      ,       ,      ,   ,   ,      ,       ,   ,      ,        ,     ,"""burnt""" ,      ,1    ,                                                        
415 ,                                                          ,        ,          ,     ,      ,      ,       ,      ,   ,   ,      ,       ,   ,      ,        ,     ,"""burnt""" ,      ,1    ,                                                        
431 ,                                                          ,        ,          ,     ,      ,      ,       ,      ,   ,   ,      ,       ,   ,      ,        ,     ,"""burnt""" ,      ,1    ,                                                        
481 ,                                                          ,        ,          ,     ,      ,      ,       ,      ,   ,   ,      ,       ,   ,      ,        ,     ,"""burnt""" ,      ,1    ,                                                        
492 ,                                                          ,        ,          ,     ,      ,      ,       ,      ,   ,   ,      ,       ,   ,      ,        ,     ,"""burnt""" ,      ,1    ,                                                        
495 ,                                                          ,        ,          ,     ,      ,      ,       ,      ,   ,   ,      ,       ,   ,      ,        ,     ,"""burnt""" ,      ,1    ,                                                        
498 ,                                                          ,        ,          ,     ,      ,      ,       ,      ,   ,   ,      ,       ,   ,      ,        ,     ,"""burnt""" ,      ,1    ,                                                        
502 ,                                                          ,        ,          ,     ,      ,      ,       ,      ,   ,   ,      ,       ,   ,      ,        ,     ,"""burnt""" ,      ,1    ,                                                        
504 ,                                                          ,        ,          ,     ,      ,      ,       ,      ,   ,   ,      ,       ,   ,      ,        ,     ,"""burnt""" ,      ,1    ,                                                        
556 ,                                                          ,        ,          ,     ,      ,      ,       ,      ,   ,   ,      ,       ,   ,      ,        ,     ,"""almond""",1     ,     ,                                                        
613 ,                                                          ,        ,          ,     ,      ,      ,       ,      ,   ,   ,      ,       ,   ,      ,        ,     ,"""almond""",1     ,     ,                                                        
783 ,                                                          ,        ,          ,     ,      ,      ,       ,      ,   ,   ,      ,       ,   ,      ,        ,     ,"""burnt""" ,      ,1    ,                                                        
900 ,                                                          ,        ,          ,     ,      ,      ,       ,      ,   ,   ,      ,       ,   ,      ,        ,     ,"""burnt""" ,      ,1    ,                                                        
908 ,                                                          ,        ,          ,     ,      ,      ,       ,      ,   ,   ,      ,       ,   ,      ,        ,     ,"""almond""",1     ,     ,                                                        
948 ,                                                          ,        ,          ,     ,      ,      ,       ,      ,   ,   ,      ,       ,   ,      ,        ,     ,"""almond""",1     ,     ,                                                        
958 ,                                                          ,        ,          ,     ,      ,      ,       ,      ,   ,   ,      ,       ,   ,      ,        ,     ,"""burnt""" ,      ,1    ,                                                        
980 ,                                                          ,        ,          ,     ,      ,      ,       ,      ,   ,   ,      ,       ,   ,      ,        ,     ,"""almond""",1     ,     ,                                                        
1025,                                                          ,        ,          ,     ,      ,      ,       ,      ,   ,   ,      ,       ,   ,      ,        ,     ,"""almond""",1     ,     ,                                                        
1061,                                                          ,        ,          ,     ,      ,      ,       ,      ,   ,   ,      ,       ,   ,      ,        ,     ,"""burnt""" ,      ,1    ,                                                        
1153,                                                          ,        ,          ,     ,      ,      ,       ,      ,   ,   ,      ,       ,   ,      ,        ,     ,"""burnt""" ,      ,1    ,                                                        
1185,                                                          ,        ,          ,     ,      ,      ,       ,      ,   ,   ,      ,       ,   ,      ,        ,     ,"""burnt""" ,      ,1    ,                                                        
1237,                                                          ,        ,          ,     ,      ,      ,       ,      ,   ,   ,      ,       ,   ,      ,        ,     ,"""burnt""" ,      ,1    ,                                                        
1285,                                                          ,        ,          ,     ,      ,      ,       ,      ,   ,   ,      ,       ,   ,      ,        ,     ,"""burnt""" ,      ,1    ,                                                        
1656,                                                          ,        ,          ,     ,      ,      ,       ,      ,   ,   ,      ,       ,   ,      ,        ,     ,"""almond""",1     ,     ,                                                        